line_index,raw_line,old_name,new_name,old_smiles,new_smiles,old_input_hash,new_input_hash,old_evidence_input_hash,new_evidence_input_hash,old_canonical_smiles,new_canonical_smiles,old_verdict,new_verdict,old_reason,new_reason,verdict_changed,reason_changed,name_changed,smiles_changed
140,"C=CC(=O)N1C[C@@H](C(=O)OC)[C@H](C1)C=2C=CC=CC2 |&1:6,11,r|	Z3024765026	259.301	259.301	1.816	-2.823	0	2	46.61	5","|&1:6,11,r|",Z3024765026,C=CC(=O)N1C[C@@H](C(=O)OC)[C@H](C1)C=2C=CC=CC2,"C=CC(=O)N1C[C@@H](C(=O)OC)[C@H](C1)C=2C=CC=CC2 |&1:6,11,r|",sha256:ac58d67ae95b8d9eddfaff5bd6d79ef7db0dc9a800f54f51d9fb5e06b062b58a,sha256:9996e8d4fb3564ffa6040bfdec5d5477e98285d6e9a8e034392f11faf5f412fa,sha256:ac58d67ae95b8d9eddfaff5bd6d79ef7db0dc9a800f54f51d9fb5e06b062b58a,sha256:9996e8d4fb3564ffa6040bfdec5d5477e98285d6e9a8e034392f11faf5f412fa,C=CC(=O)N1C[C@H](c2ccccc2)[C@H](C(=O)OC)C1,C=CC(=O)N1C[C@H](c2ccccc2)[C@H](C(=O)OC)C1,PASS,PASS,,,False,False,True,True
152,"C=CC(=O)NC[C@H]1C=C[C@@H]2C[C@H]1CO2 |&1:6,9,11,r|	Z3024767610	193.243	193.243	-0.172	-1.559	1	2	38.33	4","|&1:6,9,11,r|",Z3024767610,C=CC(=O)NC[C@H]1C=C[C@@H]2C[C@H]1CO2,"C=CC(=O)NC[C@H]1C=C[C@@H]2C[C@H]1CO2 |&1:6,9,11,r|",sha256:7d1b493af30a500bfd94273c19e251709b049cd338c206d46ac288ef9ca407c5,sha256:b1efff290e6d81b19b30ab5894c9ac4dd74908009f1536bb138d22636bd6c727,sha256:7d1b493af30a500bfd94273c19e251709b049cd338c206d46ac288ef9ca407c5,sha256:b1efff290e6d81b19b30ab5894c9ac4dd74908009f1536bb138d22636bd6c727,C=CC(=O)NC[C@H]1C=C[C@@H]2C[C@H]1CO2,C=CC(=O)NC[C@H]1C=C[C@@H]2C[C@H]1CO2,PASS,PASS,,,False,False,True,True
202,"C=CC(=O)N[C@H]1COC[C@H]1CO |&1:5,9,r|	Z3490366363	171.194	171.194	-1.146	-0.86	2	3	58.56	4","|&1:5,9,r|",Z3490366363,C=CC(=O)N[C@H]1COC[C@H]1CO,"C=CC(=O)N[C@H]1COC[C@H]1CO |&1:5,9,r|",sha256:fdd981bde58330ee4e0da8c24c4207c4cb7c1258ad749b741f914986e5fddb9a,sha256:16cc2c090f2d5e4a5cf246e65ffcd5ad81050d643c396f62f41dc761e51d661d,sha256:fdd981bde58330ee4e0da8c24c4207c4cb7c1258ad749b741f914986e5fddb9a,sha256:16cc2c090f2d5e4a5cf246e65ffcd5ad81050d643c396f62f41dc761e51d661d,C=CC(=O)N[C@H]1COC[C@H]1CO,C=CC(=O)N[C@H]1COC[C@H]1CO,PASS,PASS,,,False,False,True,True
208,"C=CC(=O)N1[C@@H](C)CCC[C@H]1C(=O)O |&1:5,10,r|	Z3569402359	197.231	197.231	1.386	-1.796	1	3	57.61	3","|&1:5,10,r|",Z3569402359,C=CC(=O)N1[C@@H](C)CCC[C@H]1C(=O)O,"C=CC(=O)N1[C@@H](C)CCC[C@H]1C(=O)O |&1:5,10,r|",sha256:66701f705021fb6ca395e0fb05f0c777730b088a0dc6d00f89ed3eefb5ce4051,sha256:c265d6163de9cb00fe5931db73f02099f91de2ea0cd51da9e14b4c114de14602,sha256:66701f705021fb6ca395e0fb05f0c777730b088a0dc6d00f89ed3eefb5ce4051,sha256:c265d6163de9cb00fe5931db73f02099f91de2ea0cd51da9e14b4c114de14602,C=CC(=O)N1[C@@H](C)CCC[C@H]1C(=O)O,C=CC(=O)N1[C@@H](C)CCC[C@H]1C(=O)O,PASS,PASS,,,False,False,True,True
216,"C=CC(=O)N1CCCC(C1)C(=O)N[C@@H]2CCO[C@H]2C3CC3 |&1:13,17,r|	Z3707767073	292.374	292.374	0.948	-3.202	1	3	58.64	6","|&1:13,17,r|",Z3707767073,C=CC(=O)N1CCCC(C1)C(=O)N[C@@H]2CCO[C@H]2C3CC3,"C=CC(=O)N1CCCC(C1)C(=O)N[C@@H]2CCO[C@H]2C3CC3 |&1:13,17,r|",sha256:4d0a637dd63aa6acad0f18cb15d2054b205dc5795cabf65111d91be7fb8f0cd9,sha256:631d7e36b87b03f6a904f149656eefc960452f164c9049ee1bf2d751889a11c2,sha256:4d0a637dd63aa6acad0f18cb15d2054b205dc5795cabf65111d91be7fb8f0cd9,sha256:631d7e36b87b03f6a904f149656eefc960452f164c9049ee1bf2d751889a11c2,C=CC(=O)N1CCCC(C(=O)N[C@@H]2CCO[C@H]2C2CC2)C1,C=CC(=O)N1CCCC(C(=O)N[C@@H]2CCO[C@H]2C2CC2)C1,PASS,PASS,,,False,False,True,True
217,"C=CC(=O)NCC(=O)N1C[C@H](C)[C@H](C1)C(F)(F)F |&1:10,12,r|	Z3707867583	264.245	264.245	0.303	-3.316	1	2	49.41	6","|&1:10,12,r|",Z3707867583,C=CC(=O)NCC(=O)N1C[C@H](C)[C@H](C1)C(F)(F)F,"C=CC(=O)NCC(=O)N1C[C@H](C)[C@H](C1)C(F)(F)F |&1:10,12,r|",sha256:9190b6c2bb12cfbb611097ed6106756e0220d3a33d3434fd2efd6b53550e4d75,sha256:a9f62697580e332b98425e2d77c8a0418fccb481a264e0e28d9e061d0beebde7,sha256:9190b6c2bb12cfbb611097ed6106756e0220d3a33d3434fd2efd6b53550e4d75,sha256:a9f62697580e332b98425e2d77c8a0418fccb481a264e0e28d9e061d0beebde7,C=CC(=O)NCC(=O)N1C[C@H](C)[C@@H](C(F)(F)F)C1,C=CC(=O)NCC(=O)N1C[C@H](C)[C@@H](C(F)(F)F)C1,PASS,PASS,,,False,False,True,True
262,"C=CC(=O)N[C@H]1C[C@H]2CC[C@@H]1N2C(=O)OC(C)(C)C |&1:5,7,10,r|	Z3024767909	266.337	266.337	1.685	-3.018	1	2	58.64	6","|&1:5,7,10,r|",Z3024767909,C=CC(=O)N[C@H]1C[C@H]2CC[C@@H]1N2C(=O)OC(C)(C)C,"C=CC(=O)N[C@H]1C[C@H]2CC[C@@H]1N2C(=O)OC(C)(C)C |&1:5,7,10,r|",sha256:6966859753132d0d4af8a908e3bbc08d296cbacd5a04ccf1d7cf11117f880f42,sha256:4eed66de873c985a03c0bf1d7e6f05c2c8a7a5dc9fa8438f9f27594dfa2b59ff,sha256:6966859753132d0d4af8a908e3bbc08d296cbacd5a04ccf1d7cf11117f880f42,sha256:4eed66de873c985a03c0bf1d7e6f05c2c8a7a5dc9fa8438f9f27594dfa2b59ff,C=CC(=O)N[C@H]1C[C@H]2CC[C@@H]1N2C(=O)OC(C)(C)C,C=CC(=O)N[C@H]1C[C@H]2CC[C@@H]1N2C(=O)OC(C)(C)C,FAIL,FAIL,FAIL_ANCHORING_DISTANCE,FAIL_ANCHORING_DISTANCE,False,False,True,True
295,"C=CC(=O)N1C[C@H]2CC[C@H]2[C@H]1C(=O)O |&1:6,9,10,r|	Z3417462205	195.216	195.216	0.622	-2.104	1	3	57.61	2","|&1:6,9,10,r|",Z3417462205,C=CC(=O)N1C[C@H]2CC[C@H]2[C@H]1C(=O)O,"C=CC(=O)N1C[C@H]2CC[C@H]2[C@H]1C(=O)O |&1:6,9,10,r|",sha256:35c295559d2a9867fe7eb10eded5cc26c38d594478f58dfea4f393423ce4a0f2,sha256:8833435edf086ea7168a1d50a5a7437b2ca89c59f2df3e53ea689bff30e0fbc0,sha256:35c295559d2a9867fe7eb10eded5cc26c38d594478f58dfea4f393423ce4a0f2,sha256:8833435edf086ea7168a1d50a5a7437b2ca89c59f2df3e53ea689bff30e0fbc0,C=CC(=O)N1C[C@H]2CC[C@H]2[C@H]1C(=O)O,C=CC(=O)N1C[C@H]2CC[C@H]2[C@H]1C(=O)O,PASS,PASS,,,False,False,True,True
327,"C=CC(=O)N1CCCC(C1)C(=O)N2CC[C@@H](O)C[C@H]2C=3C=CC=CC3 |&1:15,18,r|	Z3756421435	342.433	342.433	0.581	-3.731	1	3	60.85	3","|&1:15,18,r|",Z3756421435,C=CC(=O)N1CCCC(C1)C(=O)N2CC[C@@H](O)C[C@H]2C=3C=CC=CC3,"C=CC(=O)N1CCCC(C1)C(=O)N2CC[C@@H](O)C[C@H]2C=3C=CC=CC3 |&1:15,18,r|",sha256:5c50f5e625d7eaf2f64e973b39808f5cb76a9583316eab90825d3df2c28b3e13,sha256:a8ed2d7cd4443853e780ec60f210e8d45522433b89811882db0936270dd61f16,sha256:5c50f5e625d7eaf2f64e973b39808f5cb76a9583316eab90825d3df2c28b3e13,sha256:a8ed2d7cd4443853e780ec60f210e8d45522433b89811882db0936270dd61f16,C=CC(=O)N1CCCC(C(=O)N2CC[C@@H](O)C[C@H]2c2ccccc2)C1,C=CC(=O)N1CCCC(C(=O)N2CC[C@@H](O)C[C@H]2c2ccccc2)C1,PASS,PASS,,,False,False,True,True
337,"C=CC(=O)N[C@@H]1CC(=O)N(C)[C@H]1C=2C=CC(Cl)=C(F)C2 |&1:5,11,r|	Z3766094870	296.725	296.725	2.466	-4.054	1	2	49.41	4","|&1:5,11,r|",Z3766094870,C=CC(=O)N[C@@H]1CC(=O)N(C)[C@H]1C=2C=CC(Cl)=C(F)C2,"C=CC(=O)N[C@@H]1CC(=O)N(C)[C@H]1C=2C=CC(Cl)=C(F)C2 |&1:5,11,r|",sha256:101491bf9ff6e793e9981bd4491c4102d9330bf9883d03c0e50ae56f52bb6241,sha256:66e9cdd65415b476d302d5a56f6e2685e605e54fe2fbb746b1127b91e732da1a,sha256:101491bf9ff6e793e9981bd4491c4102d9330bf9883d03c0e50ae56f52bb6241,sha256:66e9cdd65415b476d302d5a56f6e2685e605e54fe2fbb746b1127b91e732da1a,C=CC(=O)N[C@@H]1CC(=O)N(C)[C@H]1c1ccc(Cl)c(F)c1,C=CC(=O)N[C@@H]1CC(=O)N(C)[C@H]1c1ccc(Cl)c(F)c1,PASS,PASS,,,False,False,True,True
385,"C=CC(=O)NC[C@@H]1CC(=O)N(C)[C@H]1C=2C(C)=NN(C)C2C |&1:6,12,r|	Z2693921711	290.362	290.362	-0.805	-1.013	1	3	67.23	5","|&1:6,12,r|",Z2693921711,C=CC(=O)NC[C@@H]1CC(=O)N(C)[C@H]1C=2C(C)=NN(C)C2C,"C=CC(=O)NC[C@@H]1CC(=O)N(C)[C@H]1C=2C(C)=NN(C)C2C |&1:6,12,r|",sha256:039eab322177b8d42c67efe5330a1cf55b213c961be4600a4b154c23fe935e77,sha256:0ed5e7f762bc48393d9c9b9cf40c87fb1a4ba7313367b46807938458311947f8,sha256:039eab322177b8d42c67efe5330a1cf55b213c961be4600a4b154c23fe935e77,sha256:0ed5e7f762bc48393d9c9b9cf40c87fb1a4ba7313367b46807938458311947f8,C=CC(=O)NC[C@@H]1CC(=O)N(C)[C@H]1c1c(C)nn(C)c1C,C=CC(=O)NC[C@@H]1CC(=O)N(C)[C@H]1c1c(C)nn(C)c1C,PASS,PASS,,,False,False,True,True
394,"C=CC(=O)N1CCC[C@H]2O[C@H](C[C@H]21)C=3C=CC=CC3 |&1:8,10,12,r|	Z2732399365	257.328	257.328	1.84	-3.558	0	2	29.54	3","|&1:8,10,12,r|",Z2732399365,C=CC(=O)N1CCC[C@H]2O[C@H](C[C@H]21)C=3C=CC=CC3,"C=CC(=O)N1CCC[C@H]2O[C@H](C[C@H]21)C=3C=CC=CC3 |&1:8,10,12,r|",sha256:36756a106fe331f8357313578365e1eec0d824877e86508fc1bb4d9c4a59eaaf,sha256:f4eb694677ed37522613396f927463859dbb9f781c0ff152fcb4ce527919dda9,sha256:36756a106fe331f8357313578365e1eec0d824877e86508fc1bb4d9c4a59eaaf,sha256:f4eb694677ed37522613396f927463859dbb9f781c0ff152fcb4ce527919dda9,C=CC(=O)N1CCC[C@H]2O[C@@H](c3ccccc3)C[C@H]21,C=CC(=O)N1CCC[C@H]2O[C@@H](c3ccccc3)C[C@H]21,PASS,PASS,,,False,False,True,True
395,"C=CC(=O)NC[C@]12OCCC[C@H]1C2(F)F |&1:6,11,r|	Z2732399387	217.213	217.213	0.631	-2.604	1	2	38.33	4","|&1:6,11,r|",Z2732399387,C=CC(=O)NC[C@]12OCCC[C@H]1C2(F)F,"C=CC(=O)NC[C@]12OCCC[C@H]1C2(F)F |&1:6,11,r|",sha256:0f88814b385fbf53ab37b26629b11aa5b09e8293662429816c5bcb9f4033b108,sha256:636578e155deb233c28bba672b519435f47b0b1e1f1415e9200ac1dba111e8a8,sha256:0f88814b385fbf53ab37b26629b11aa5b09e8293662429816c5bcb9f4033b108,sha256:636578e155deb233c28bba672b519435f47b0b1e1f1415e9200ac1dba111e8a8,C=CC(=O)NC[C@]12OCCC[C@H]1C2(F)F,C=CC(=O)NC[C@]12OCCC[C@H]1C2(F)F,PASS,PASS,,,False,False,True,True
399,"C=CC(=O)N1CCC[C@H]2COC[C@H]21 |&1:8,12,r|	Z2737807576	181.232	181.232	0.718	-1.897	0	2	29.54	2","|&1:8,12,r|",Z2737807576,C=CC(=O)N1CCC[C@H]2COC[C@H]21,"C=CC(=O)N1CCC[C@H]2COC[C@H]21 |&1:8,12,r|",sha256:f8ced86bc906595dc9b0bf26c429320647774aae5a6aa78ee79d4428305c68a3,sha256:724dda6574755df6e2818bd8f32d596770e11c442c2302c6da9828b75b17232a,sha256:f8ced86bc906595dc9b0bf26c429320647774aae5a6aa78ee79d4428305c68a3,sha256:724dda6574755df6e2818bd8f32d596770e11c442c2302c6da9828b75b17232a,C=CC(=O)N1CCC[C@H]2COC[C@H]21,C=CC(=O)N1CCC[C@H]2COC[C@H]21,PASS,PASS,,,False,False,True,True
445,"C=CC(=O)NCC1C[C@H]2COC[C@H]2O1 |&1:8,12,r|	Z2891432589	197.231	197.231	-0.49	-1.574	1	3	47.56	4","|&1:8,12,r|",Z2891432589,C=CC(=O)NCC1C[C@H]2COC[C@H]2O1,"C=CC(=O)NCC1C[C@H]2COC[C@H]2O1 |&1:8,12,r|",sha256:1243b334d63a78af61abfdb4b2a7ea37c2e6d018be893e8cbe9ebdda4f31a5a9,sha256:a51da7d91d0d901bb1902bd2ced2b1414f91343bddce31797fc923e46b47532a,sha256:1243b334d63a78af61abfdb4b2a7ea37c2e6d018be893e8cbe9ebdda4f31a5a9,sha256:a51da7d91d0d901bb1902bd2ced2b1414f91343bddce31797fc923e46b47532a,C=CC(=O)NCC1C[C@H]2COC[C@H]2O1,C=CC(=O)NCC1C[C@H]2COC[C@H]2O1,PASS,PASS,,,False,False,True,True
449,"C=CC(=O)N(C)CC(=O)N1CC[C@H]2CC[C@]21C=3C=CC=NC3 |&1:12,15,r|	Z2964917305	299.368	299.368	0.391	-2.651	0	3	53.51	6","|&1:12,15,r|",Z2964917305,C=CC(=O)N(C)CC(=O)N1CC[C@H]2CC[C@]21C=3C=CC=NC3,"C=CC(=O)N(C)CC(=O)N1CC[C@H]2CC[C@]21C=3C=CC=NC3 |&1:12,15,r|",sha256:d2a63da82fbe1963298c17845a68c3d2c267e54e82c99421580c6277fa8e2b54,sha256:d88cc5263e4c92a7f4f0986d06521cda528e4e8fa10661329f207f644a95c1e8,sha256:d2a63da82fbe1963298c17845a68c3d2c267e54e82c99421580c6277fa8e2b54,sha256:d88cc5263e4c92a7f4f0986d06521cda528e4e8fa10661329f207f644a95c1e8,C=CC(=O)N(C)CC(=O)N1CC[C@H]2CC[C@]21c1cccnc1,C=CC(=O)N(C)CC(=O)N1CC[C@H]2CC[C@]21c1cccnc1,PASS,PASS,,,False,False,True,True
459,"C=CC(=O)N1CC(C)(C)O[C@@H]2COC[C@H]21 |&1:10,14,r|	Z3024765652	211.258	211.258	0.751	-2.092	0	3	38.77	2","|&1:10,14,r|",Z3024765652,C=CC(=O)N1CC(C)(C)O[C@@H]2COC[C@H]21,"C=CC(=O)N1CC(C)(C)O[C@@H]2COC[C@H]21 |&1:10,14,r|",sha256:c93e889c8f4bca1f25352ed6a9063565cc19efdb5083323815f1783dc4517de2,sha256:5b3e39308f9cd078808792f5ff14b79f49f8020d04bdf7e29520d20007ffff52,sha256:c93e889c8f4bca1f25352ed6a9063565cc19efdb5083323815f1783dc4517de2,sha256:5b3e39308f9cd078808792f5ff14b79f49f8020d04bdf7e29520d20007ffff52,C=CC(=O)N1CC(C)(C)O[C@@H]2COC[C@H]21,C=CC(=O)N1CC(C)(C)O[C@@H]2COC[C@H]21,PASS,PASS,,,False,False,True,True
460,"C=CC(=O)N[C@H]1[C@H](C=2C=CC=CC2)C1(C)C |&1:5,6,r|	Z3024766386	215.291	215.291	2.857	-3.021	1	1	29.1	4","|&1:5,6,r|",Z3024766386,C=CC(=O)N[C@H]1[C@H](C=2C=CC=CC2)C1(C)C,"C=CC(=O)N[C@H]1[C@H](C=2C=CC=CC2)C1(C)C |&1:5,6,r|",sha256:9666383e7c9d9eb7e929eda243b7ac53e5bc59fa0c356e2cf53daf198e210873,sha256:3c7af83f7b554ff5238ff1ac007294714ded45fc52dd9bb5dea208c346a52c9e,sha256:9666383e7c9d9eb7e929eda243b7ac53e5bc59fa0c356e2cf53daf198e210873,sha256:3c7af83f7b554ff5238ff1ac007294714ded45fc52dd9bb5dea208c346a52c9e,C=CC(=O)N[C@H]1[C@H](c2ccccc2)C1(C)C,C=CC(=O)N[C@H]1[C@H](c2ccccc2)C1(C)C,PASS,PASS,,,False,False,True,True
566,"C=CC(=O)N(C)CC(=O)N[C@H]1CC=2C=CC=CC2[C@H]1C |&1:10,18,r|	Z2715506636	272.343	272.343	1.732	-3.27	1	2	49.41	6","|&1:10,18,r|",Z2715506636,C=CC(=O)N(C)CC(=O)N[C@H]1CC=2C=CC=CC2[C@H]1C,"C=CC(=O)N(C)CC(=O)N[C@H]1CC=2C=CC=CC2[C@H]1C |&1:10,18,r|",sha256:ec914e46c14065d31060aa7e9ea2684843baec292b84c45099682b94967ed133,sha256:28310fb8967bc20730448fdc33630fb1c5dc159fb7fac551f18c4202465aad7a,sha256:ec914e46c14065d31060aa7e9ea2684843baec292b84c45099682b94967ed133,sha256:28310fb8967bc20730448fdc33630fb1c5dc159fb7fac551f18c4202465aad7a,C=CC(=O)N(C)CC(=O)N[C@H]1Cc2ccccc2[C@H]1C,C=CC(=O)N(C)CC(=O)N[C@H]1Cc2ccccc2[C@H]1C,PASS,PASS,,,False,False,True,True
620,"C=CC(=O)N[C@@H]1C[C@H]1C2=CC=CN=C2 |&1:5,7,r|	Z4616776709	188.226	188.226	0.062	-1.586	1	2	41.99	4","|&1:5,7,r|",Z4616776709,C=CC(=O)N[C@@H]1C[C@H]1C2=CC=CN=C2,"C=CC(=O)N[C@@H]1C[C@H]1C2=CC=CN=C2 |&1:5,7,r|",sha256:5480819aa9544b53e4e8d68e5c92fb3ec811172b32da42edc2d24aa26dba60e7,sha256:6dec5187a5253999ff553a5edd82254432c062b90767b1674c3a485852454587,sha256:5480819aa9544b53e4e8d68e5c92fb3ec811172b32da42edc2d24aa26dba60e7,sha256:6dec5187a5253999ff553a5edd82254432c062b90767b1674c3a485852454587,C=CC(=O)N[C@@H]1C[C@H]1c1cccnc1,C=CC(=O)N[C@@H]1C[C@H]1c1cccnc1,PASS,PASS,,,False,False,True,True
790,"C=CC(=O)N1CCC[C@@H](O)[C@H]1C |&1:8,10,r|	Z2832161189	169.221	169.221	0.433	-1.172	1	2	40.54	2","|&1:8,10,r|",Z2832161189,C=CC(=O)N1CCC[C@@H](O)[C@H]1C,"C=CC(=O)N1CCC[C@@H](O)[C@H]1C |&1:8,10,r|",sha256:d71a225600abb266565ad6ad3487e74d3e47c61a2473f2caf7e9c4d152cf86f2,sha256:ff6025515474b9640b7dab2c9c1f49537782b45906a6ad205373356f38c24726,sha256:d71a225600abb266565ad6ad3487e74d3e47c61a2473f2caf7e9c4d152cf86f2,sha256:ff6025515474b9640b7dab2c9c1f49537782b45906a6ad205373356f38c24726,C=CC(=O)N1CCC[C@@H](O)[C@H]1C,C=CC(=O)N1CCC[C@@H](O)[C@H]1C,PASS,PASS,,,False,False,True,True
793,"C=CC(=O)N[C@@H]1COCC[C@H]1OC |&1:5,10,r|	Z2893998248	185.221	185.221	-0.339	-1.126	1	3	47.56	4","|&1:5,10,r|",Z2893998248,C=CC(=O)N[C@@H]1COCC[C@H]1OC,"C=CC(=O)N[C@@H]1COCC[C@H]1OC |&1:5,10,r|",sha256:027c30ced2aed3518e7a9c707f63fac43ffba096d3d40a22d4e3df45285cb987,sha256:2b98e9f6c49d7cbe74a125e8a109520d448a441a28e23d42f72154866d61e3f3,sha256:027c30ced2aed3518e7a9c707f63fac43ffba096d3d40a22d4e3df45285cb987,sha256:2b98e9f6c49d7cbe74a125e8a109520d448a441a28e23d42f72154866d61e3f3,C=CC(=O)N[C@@H]1COCC[C@H]1OC,C=CC(=O)N[C@@H]1COCC[C@H]1OC,PASS,PASS,,,False,False,True,True
796,"C=CC(=O)N1CCC(CC1)C(=O)N2C[C@H]3CCO[C@H]3C2 |&1:14,18,r|	Z2928932157	278.347	278.347	-0.933	-2.161	0	3	49.85	4","|&1:14,18,r|",Z2928932157,C=CC(=O)N1CCC(CC1)C(=O)N2C[C@H]3CCO[C@H]3C2,"C=CC(=O)N1CCC(CC1)C(=O)N2C[C@H]3CCO[C@H]3C2 |&1:14,18,r|",sha256:6154c2d17d76bb9fb66adfcfebb4e3153bdf54b91cc9db08140427e8d73be77b,sha256:92af35f10dc9b90d7a1fa105d4bfe4080a640a3a7aa3306f4dad475700fec302,sha256:6154c2d17d76bb9fb66adfcfebb4e3153bdf54b91cc9db08140427e8d73be77b,sha256:92af35f10dc9b90d7a1fa105d4bfe4080a640a3a7aa3306f4dad475700fec302,C=CC(=O)N1CCC(C(=O)N2C[C@H]3CCO[C@H]3C2)CC1,C=CC(=O)N1CCC(C(=O)N2C[C@H]3CCO[C@H]3C2)CC1,PASS,PASS,,,False,False,True,True
797,"C=CC(=O)N1C[C@@H]2CSC[C@]2(C)C1 |&1:6,10,r|	Z2940570519	197.299	197.299	1.17	-2.411	0	1	20.31	2","|&1:6,10,r|",Z2940570519,C=CC(=O)N1C[C@@H]2CSC[C@]2(C)C1,"C=CC(=O)N1C[C@@H]2CSC[C@]2(C)C1 |&1:6,10,r|",sha256:ead1a6a44f24da742b1150dbe7b20da49ad7745c93b644fd6a2382cc559841ed,sha256:1eb1fe5bcd8598256d668aaf20e9fcd191f04d34e8d5d453ed18e8ebbc83ab53,sha256:ead1a6a44f24da742b1150dbe7b20da49ad7745c93b644fd6a2382cc559841ed,sha256:1eb1fe5bcd8598256d668aaf20e9fcd191f04d34e8d5d453ed18e8ebbc83ab53,C=CC(=O)N1C[C@@H]2CSC[C@]2(C)C1,C=CC(=O)N1C[C@@H]2CSC[C@]2(C)C1,PASS,PASS,,,False,False,True,True
802,"C=CC(=O)N1C[C@@H]2CS(=O)(=O)C[C@]2(C)C1 |&1:6,12,r|	Z3024754403	229.298	229.298	-0.774	-1.484	0	3	54.45	2","|&1:6,12,r|",Z3024754403,C=CC(=O)N1C[C@@H]2CS(=O)(=O)C[C@]2(C)C1,"C=CC(=O)N1C[C@@H]2CS(=O)(=O)C[C@]2(C)C1 |&1:6,12,r|",sha256:9f94633d4898136a22830b07216cc39d1d1b3154f5b1f96c9e7b45aad8c17753,sha256:b73728c77ae870946bfbf24a82c62e7157b05c29482252bc92d07feb175ae26a,sha256:9f94633d4898136a22830b07216cc39d1d1b3154f5b1f96c9e7b45aad8c17753,sha256:b73728c77ae870946bfbf24a82c62e7157b05c29482252bc92d07feb175ae26a,C=CC(=O)N1C[C@@H]2CS(=O)(=O)C[C@]2(C)C1,C=CC(=O)N1C[C@@H]2CS(=O)(=O)C[C@]2(C)C1,PASS,PASS,,,False,False,True,True
812,"C=CC(=O)NC[C@@H]1C[C@H]1C2CCOCC2 |&1:6,8,r|	Z3024766918	209.285	209.285	0.541	-1.59	1	2	38.33	5","|&1:6,8,r|",Z3024766918,C=CC(=O)NC[C@@H]1C[C@H]1C2CCOCC2,"C=CC(=O)NC[C@@H]1C[C@H]1C2CCOCC2 |&1:6,8,r|",sha256:453543634489469e5266e3b36535f1419020859f4814f5c7f23d770764d44a03,sha256:36dd7647861d845dda8dff5ae1f1ffd2e6dc04e1ffe6d207114ede21e06a5b19,sha256:453543634489469e5266e3b36535f1419020859f4814f5c7f23d770764d44a03,sha256:36dd7647861d845dda8dff5ae1f1ffd2e6dc04e1ffe6d207114ede21e06a5b19,C=CC(=O)NC[C@@H]1C[C@H]1C1CCOCC1,C=CC(=O)NC[C@@H]1C[C@H]1C1CCOCC1,PASS,PASS,,,False,False,True,True
814,"C=CC(=O)N[C@@H]1CCO[C@H]1C2CC2 |&1:5,9,r|	Z3024767484	181.232	181.232	0.415	-1.76	1	2	38.33	4","|&1:5,9,r|",Z3024767484,C=CC(=O)N[C@@H]1CCO[C@H]1C2CC2,"C=CC(=O)N[C@@H]1CCO[C@H]1C2CC2 |&1:5,9,r|",sha256:fc6a0334b1a52492e0a4ffc6efff6a8eb80b22682bb0526ce6e721b715d42d97,sha256:daa70a542e97de5d6846358b00387078ffdb212329e5481606d927089665c9ac,sha256:fc6a0334b1a52492e0a4ffc6efff6a8eb80b22682bb0526ce6e721b715d42d97,sha256:daa70a542e97de5d6846358b00387078ffdb212329e5481606d927089665c9ac,C=CC(=O)N[C@@H]1CCO[C@H]1C1CC1,C=CC(=O)N[C@@H]1CCO[C@H]1C1CC1,PASS,PASS,,,False,False,True,True
841,"C=CC(=O)N[C@@H]1C[C@H]2C[C@@H]1C[C@H]2C(=O)OC |&1:5,7,9,11,r|	Z3417282586	223.269	223.269	0.582	-1.945	1	2	55.4	5","|&1:5,7,9,11,r|",Z3417282586,C=CC(=O)N[C@@H]1C[C@H]2C[C@@H]1C[C@H]2C(=O)OC,"C=CC(=O)N[C@@H]1C[C@H]2C[C@@H]1C[C@H]2C(=O)OC |&1:5,7,9,11,r|",sha256:e96d2545365b516cdb34ce510af1d39370cee2554289dae2ca5961a403cb5945,sha256:a14e938119a86af474886a2b580160eac75b1575193c6885faafa28d9194541f,sha256:e96d2545365b516cdb34ce510af1d39370cee2554289dae2ca5961a403cb5945,sha256:a14e938119a86af474886a2b580160eac75b1575193c6885faafa28d9194541f,C=CC(=O)N[C@@H]1C[C@H]2C[C@@H]1C[C@H]2C(=O)OC,C=CC(=O)N[C@@H]1C[C@H]2C[C@@H]1C[C@H]2C(=O)OC,PASS,PASS,,,False,False,True,True
860,"C=CC(=O)N[C@@H]1CCOC[C@H]1O |&1:5,10,r|	Z3490366321	171.194	171.194	-1.244	-1.099	2	3	58.56	3","|&1:5,10,r|",Z3490366321,C=CC(=O)N[C@@H]1CCOC[C@H]1O,"C=CC(=O)N[C@@H]1CCOC[C@H]1O |&1:5,10,r|",sha256:ba1808ddc429966e02de5c28f2d536090ac824960e1ce46634ff19eb7365c7eb,sha256:013481a007a5611e82e042ab6487f22fafe254a67839f4d9d8d626af92c3a26f,sha256:ba1808ddc429966e02de5c28f2d536090ac824960e1ce46634ff19eb7365c7eb,sha256:013481a007a5611e82e042ab6487f22fafe254a67839f4d9d8d626af92c3a26f,C=CC(=O)N[C@@H]1CCOC[C@H]1O,C=CC(=O)N[C@@H]1CCOC[C@H]1O,PASS,PASS,,,False,False,True,True
862,"C=CC(=O)N1CC[C@H]2CC[C@H](O)[C@H]21 |&1:7,10,12,r|	Z3490366378	181.232	181.232	0.228	-1.628	1	2	40.54	2","|&1:7,10,12,r|",Z3490366378,C=CC(=O)N1CC[C@H]2CC[C@H](O)[C@H]21,"C=CC(=O)N1CC[C@H]2CC[C@H](O)[C@H]21 |&1:7,10,12,r|",sha256:8981390a572074a148950b3fdc1ae8f9b6e7d52a1cf3624f0cd382a06ba77843,sha256:8f49b2729fb85822f297b04568ab176b32b5405faa25a879ac7476036af437ab,sha256:8981390a572074a148950b3fdc1ae8f9b6e7d52a1cf3624f0cd382a06ba77843,sha256:8f49b2729fb85822f297b04568ab176b32b5405faa25a879ac7476036af437ab,C=CC(=O)N1CC[C@H]2CC[C@H](O)[C@H]21,C=CC(=O)N1CC[C@H]2CC[C@H](O)[C@H]21,PASS,PASS,,,False,False,True,True
866,"C=CC(=O)N([C@@H]1COC[C@H]1O)C(C)(C)C |&1:5,9,r|	Z3490366483	213.274	213.274	1.069	-1.714	1	3	49.77	4","|&1:5,9,r|",Z3490366483,C=CC(=O)N([C@@H]1COC[C@H]1O)C(C)(C)C,"C=CC(=O)N([C@@H]1COC[C@H]1O)C(C)(C)C |&1:5,9,r|",sha256:15228bda16594905795b946599e5e3b0c47d90444101bb0cbcf6b59978d1043f,sha256:5d5df5e15ee5019e7824c370ca02c6073a8efb0d4732b5bc3d59f642deb9314a,sha256:15228bda16594905795b946599e5e3b0c47d90444101bb0cbcf6b59978d1043f,sha256:5d5df5e15ee5019e7824c370ca02c6073a8efb0d4732b5bc3d59f642deb9314a,C=CC(=O)N([C@@H]1COC[C@H]1O)C(C)(C)C,C=CC(=O)N([C@@H]1COC[C@H]1O)C(C)(C)C,PASS,PASS,,,False,False,True,True
893,"C=CC(=O)NCC[C@@H]1CCCC[C@H]1O |&1:7,12,r|	Z4024589068	197.275	197.275	0.509	-2.006	2	2	49.33	5","|&1:7,12,r|",Z4024589068,C=CC(=O)NCC[C@@H]1CCCC[C@H]1O,"C=CC(=O)NCC[C@@H]1CCCC[C@H]1O |&1:7,12,r|",sha256:73c21ffa0528b9d2e36174f071bbb866504904b3c5abf6ee7defb23aaa481485,sha256:bd23d5459f33f6656802375ab8aa3542531295b1e1cd9c1e9c32aed62a5aa7d6,sha256:73c21ffa0528b9d2e36174f071bbb866504904b3c5abf6ee7defb23aaa481485,sha256:bd23d5459f33f6656802375ab8aa3542531295b1e1cd9c1e9c32aed62a5aa7d6,C=CC(=O)NCC[C@@H]1CCCC[C@H]1O,C=CC(=O)NCC[C@@H]1CCCC[C@H]1O,PASS,PASS,,,False,False,True,True
901,"C=CC(=O)N(CC1=CC=CC(F)=C1C)[C@H]2C[C@H]3CC[C@@H]2O3 |&1:14,16,19,r|	Z4874583839	289.345	289.345	2.28	-4.135	0	2	29.54	5","|&1:14,16,19,r|",Z4874583839,C=CC(=O)N(CC1=CC=CC(F)=C1C)[C@H]2C[C@H]3CC[C@@H]2O3,"C=CC(=O)N(CC1=CC=CC(F)=C1C)[C@H]2C[C@H]3CC[C@@H]2O3 |&1:14,16,19,r|",sha256:933d111fc891070392eda5a64d1dc9cd246c7c1e13022dae275339fb1d6e0c15,sha256:c71e3701884c27df7bddb0a7a98a168826fc9cf071cac9aeba1250929102158b,sha256:933d111fc891070392eda5a64d1dc9cd246c7c1e13022dae275339fb1d6e0c15,sha256:c71e3701884c27df7bddb0a7a98a168826fc9cf071cac9aeba1250929102158b,C=CC(=O)N(Cc1cccc(F)c1C)[C@H]1C[C@H]2CC[C@@H]1O2,C=CC(=O)N(Cc1cccc(F)c1C)[C@H]1C[C@H]2CC[C@@H]1O2,PASS,PASS,,,False,False,True,True
1028,"C=CC(=O)N(C)CC(=O)N1CC[C@H](C)C[C@H](C)C1 |&1:12,15,r|	Z2931820978	252.353	252.353	2.172	-2.722	0	2	40.62	5","|&1:12,15,r|",Z2931820978,C=CC(=O)N(C)CC(=O)N1CC[C@H](C)C[C@H](C)C1,"C=CC(=O)N(C)CC(=O)N1CC[C@H](C)C[C@H](C)C1 |&1:12,15,r|",sha256:071e5eef2383db2ae27fe443e8c773c016c06df628fa5bc1350b1a8792106d1a,sha256:c9c1030ccfcb16b9fcaf2e9b703102b4794ba8ea855871f85936918acb368391,sha256:071e5eef2383db2ae27fe443e8c773c016c06df628fa5bc1350b1a8792106d1a,sha256:c9c1030ccfcb16b9fcaf2e9b703102b4794ba8ea855871f85936918acb368391,C=CC(=O)N(C)CC(=O)N1CC[C@H](C)C[C@H](C)C1,C=CC(=O)N(C)CC(=O)N1CC[C@H](C)C[C@H](C)C1,PASS,PASS,,,False,False,True,True
1151,"C=CC(=O)N1C[C@@H](O)CC[C@H]1C |&1:6,10,r|	Z2791926770	169.221	169.221	0.433	-1.222	1	2	40.54	2","|&1:6,10,r|",Z2791926770,C=CC(=O)N1C[C@@H](O)CC[C@H]1C,"C=CC(=O)N1C[C@@H](O)CC[C@H]1C |&1:6,10,r|",sha256:40f745f820e4536d77b08496f3c5099571ae3a65e9eed0d7e501be643f2b63ef,sha256:62a0071adf7a4af255aba71f6a9259d6afa82fad3d0a4fa24f54f398ea18e836,sha256:40f745f820e4536d77b08496f3c5099571ae3a65e9eed0d7e501be643f2b63ef,sha256:62a0071adf7a4af255aba71f6a9259d6afa82fad3d0a4fa24f54f398ea18e836,C=CC(=O)N1C[C@@H](O)CC[C@H]1C,C=CC(=O)N1C[C@@H](O)CC[C@H]1C,PASS,PASS,,,False,False,True,True
1156,"C=CC(=O)N(C)CC(=O)N[C@]12C[C@H]1COC32CCC3 |&1:10,12,r|	Z2963780698	264.321	264.321	0.627	-2.727	1	3	58.64	6","|&1:10,12,r|",Z2963780698,C=CC(=O)N(C)CC(=O)N[C@]12C[C@H]1COC32CCC3,"C=CC(=O)N(C)CC(=O)N[C@]12C[C@H]1COC32CCC3 |&1:10,12,r|",sha256:0c545d698324bc795aa77bfd7b3f04ec33472721a271e838c144d6ea64793187,sha256:b8b136f8314ac4cbf983e09c366e5f1a32c78548869250736a5f3e7e98fcdb19,sha256:0c545d698324bc795aa77bfd7b3f04ec33472721a271e838c144d6ea64793187,sha256:b8b136f8314ac4cbf983e09c366e5f1a32c78548869250736a5f3e7e98fcdb19,C=CC(=O)N(C)CC(=O)N[C@]12C[C@H]1COC21CCC1,C=CC(=O)N(C)CC(=O)N[C@]12C[C@H]1COC21CCC1,PASS,PASS,,,False,False,True,True
1176,"C=CC(=O)N[C@H]1CCCC[C@H]1C2=CC=NN2C |&1:5,10,r|	Z3292142620	233.31	233.31	0.891	-2.133	1	2	46.92	4","|&1:5,10,r|",Z3292142620,C=CC(=O)N[C@H]1CCCC[C@H]1C2=CC=NN2C,"C=CC(=O)N[C@H]1CCCC[C@H]1C2=CC=NN2C |&1:5,10,r|",sha256:c8cea7a64cae4c08421a56a65b3744c349961ca844ed30a43a49e3d6a6738a30,sha256:68304284e689fde2dc92940d6814035801f62aedbca79cc1af76879ee2e68b39,sha256:c8cea7a64cae4c08421a56a65b3744c349961ca844ed30a43a49e3d6a6738a30,sha256:68304284e689fde2dc92940d6814035801f62aedbca79cc1af76879ee2e68b39,C=CC(=O)N[C@H]1CCCC[C@H]1c1ccnn1C,C=CC(=O)N[C@H]1CCCC[C@H]1c1ccnn1C,PASS,PASS,,,False,False,True,True
1204,"C=CC(=O)N1C[C@H](CO)[C@H](C1)C2CC2 |&1:6,9,r|	Z3490366476	195.259	195.259	-0.128	-1.921	1	2	40.54	4","|&1:6,9,r|",Z3490366476,C=CC(=O)N1C[C@H](CO)[C@H](C1)C2CC2,"C=CC(=O)N1C[C@H](CO)[C@H](C1)C2CC2 |&1:6,9,r|",sha256:346fdcdae9c2fa5ba67939658295e94b81c82b576a265a1056e63dd75655f20e,sha256:8fcfe301c180f17bbc81c79de1bd6210ed6ab6f6753998f18b846b6cd5fcfc9f,sha256:346fdcdae9c2fa5ba67939658295e94b81c82b576a265a1056e63dd75655f20e,sha256:8fcfe301c180f17bbc81c79de1bd6210ed6ab6f6753998f18b846b6cd5fcfc9f,C=CC(=O)N1C[C@H](CO)[C@@H](C2CC2)C1,C=CC(=O)N1C[C@H](CO)[C@@H](C2CC2)C1,PASS,PASS,,,False,False,True,True
1205,"C=CC(=O)N[C@@H](C)[C@](C)(O)C=1C=CC=CC1 |&1:5,7,r|	Z3490366536	219.28	219.28	1.251	-2.66	2	2	49.33	5","|&1:5,7,r|",Z3490366536,C=CC(=O)N[C@@H](C)[C@](C)(O)C=1C=CC=CC1,"C=CC(=O)N[C@@H](C)[C@](C)(O)C=1C=CC=CC1 |&1:5,7,r|",sha256:3a16276cbf1e80bd6bfa7c53492b9dd2b6633f320a27029525f6da0e1e89dd54,sha256:9d43a2c4d658744c1ed4ae658a235f6a6f10eb6e0820eadf2eccdb16fe5c5fe4,sha256:3a16276cbf1e80bd6bfa7c53492b9dd2b6633f320a27029525f6da0e1e89dd54,sha256:9d43a2c4d658744c1ed4ae658a235f6a6f10eb6e0820eadf2eccdb16fe5c5fe4,C=CC(=O)N[C@@H](C)[C@](C)(O)c1ccccc1,C=CC(=O)N[C@@H](C)[C@](C)(O)c1ccccc1,PASS,PASS,,,False,False,True,True
1268,"C=CC(=O)N1[C@@H]2CC[C@H]1CN(C)C(=O)C2 |&1:5,8,r|	Z3024767404	208.257	208.257	0.345	-1.742	0	2	40.62	2","|&1:5,8,r|",Z3024767404,C=CC(=O)N1[C@@H]2CC[C@H]1CN(C)C(=O)C2,"C=CC(=O)N1[C@@H]2CC[C@H]1CN(C)C(=O)C2 |&1:5,8,r|",sha256:757055e2d4194140209c9d289fbca853b8102783f2cda3110874e2aa11e33009,sha256:cf3a6e1f550cc113451fc9b334c756e9af0c0d3a83b8a96d57006e280a138f4a,sha256:757055e2d4194140209c9d289fbca853b8102783f2cda3110874e2aa11e33009,sha256:cf3a6e1f550cc113451fc9b334c756e9af0c0d3a83b8a96d57006e280a138f4a,C=CC(=O)N1[C@@H]2CC[C@H]1CN(C)C(=O)C2,C=CC(=O)N1[C@@H]2CC[C@H]1CN(C)C(=O)C2,PASS,PASS,,,False,False,True,True
1287,"C=CC(=O)N1CC[C@H]2CS(=O)(=O)C[C@H]21 |&1:7,13,r|	Z3211837330	215.271	215.271	-1.006	-1.512	0	3	54.45	2","|&1:7,13,r|",Z3211837330,C=CC(=O)N1CC[C@H]2CS(=O)(=O)C[C@H]21,"C=CC(=O)N1CC[C@H]2CS(=O)(=O)C[C@H]21 |&1:7,13,r|",sha256:3b1c891e432e975c57ece736c9741d1fa1a3e297172a487ac180da4e52ba70f0,sha256:386acef647beff9119e63fd45996e9655c43c6b12a95f37428c710b6105f93c4,sha256:3b1c891e432e975c57ece736c9741d1fa1a3e297172a487ac180da4e52ba70f0,sha256:386acef647beff9119e63fd45996e9655c43c6b12a95f37428c710b6105f93c4,C=CC(=O)N1CC[C@H]2CS(=O)(=O)C[C@H]21,C=CC(=O)N1CC[C@H]2CS(=O)(=O)C[C@H]21,PASS,PASS,,,False,False,True,True
1354,"C=CC(=O)N1CCC(CC1)[C@@H]2OCC[C@H]2NC(=O)C(F)(F)F |&1:10,14,r|	Z2285378231	320.308	320.308	0.482	-3.33	1	3	58.64	4","|&1:10,14,r|",Z2285378231,C=CC(=O)N1CCC(CC1)[C@@H]2OCC[C@H]2NC(=O)C(F)(F)F,"C=CC(=O)N1CCC(CC1)[C@@H]2OCC[C@H]2NC(=O)C(F)(F)F |&1:10,14,r|",sha256:f2efa0d004740753e4969731cefd48923f6197b869036ce8430ddb3d7eaac757,sha256:8c3fa102e1ee08fe1d2dea7bea89fdb1451cb740ed4197b007e133c60726fb38,sha256:f2efa0d004740753e4969731cefd48923f6197b869036ce8430ddb3d7eaac757,sha256:8c3fa102e1ee08fe1d2dea7bea89fdb1451cb740ed4197b007e133c60726fb38,C=CC(=O)N1CCC([C@@H]2OCC[C@H]2NC(=O)C(F)(F)F)CC1,C=CC(=O)N1CCC([C@@H]2OCC[C@H]2NC(=O)C(F)(F)F)CC1,PASS,PASS,,,False,False,True,True
1463,"C=CC(=O)N[C@H]1CCC[C@H](C1)C(F)(F)F |&1:5,9,r|	Z2940444828	221.22	221.22	1.391	-3.071	1	1	29.1	4","|&1:5,9,r|",Z2940444828,C=CC(=O)N[C@H]1CCC[C@H](C1)C(F)(F)F,"C=CC(=O)N[C@H]1CCC[C@H](C1)C(F)(F)F |&1:5,9,r|",sha256:2fdab0f5cde83a7e008fe4712dd57881ea3e3e58f6342ab648b2a8812272db20,sha256:82455bf789b5a7b38ab914fb2d559bc7023f070becd15806f4aaa807753e0622,sha256:2fdab0f5cde83a7e008fe4712dd57881ea3e3e58f6342ab648b2a8812272db20,sha256:82455bf789b5a7b38ab914fb2d559bc7023f070becd15806f4aaa807753e0622,C=CC(=O)N[C@H]1CCC[C@@H](C(F)(F)F)C1,C=CC(=O)N[C@H]1CCC[C@@H](C(F)(F)F)C1,PASS,PASS,,,False,False,True,True
1486,"C=CC(=O)N[C@@H]1CCCCC[C@H]1OCC |&1:5,11,r|	Z3271788832	211.301	211.301	2.086	-2.582	1	2	38.33	5","|&1:5,11,r|",Z3271788832,C=CC(=O)N[C@@H]1CCCCC[C@H]1OCC,"C=CC(=O)N[C@@H]1CCCCC[C@H]1OCC |&1:5,11,r|",sha256:9796a6058c5851384879029e44877eb2ffeed329fbb62acc9f22afc1573beda7,sha256:b26878e93d624d1b614e3b6ac9cc247cee00e6afbd812d151348413be531f406,sha256:9796a6058c5851384879029e44877eb2ffeed329fbb62acc9f22afc1573beda7,sha256:b26878e93d624d1b614e3b6ac9cc247cee00e6afbd812d151348413be531f406,C=CC(=O)N[C@@H]1CCCCC[C@H]1OCC,C=CC(=O)N[C@@H]1CCCCC[C@H]1OCC,PASS,PASS,,,False,False,True,True
1531,"C=CC(=O)N1CCC(CC1)C(=O)N[C@H]2CCC[C@H]2CO |&1:13,17,r|	Z3664805172	280.363	280.363	-0.501	-2.002	2	3	69.64	6","|&1:13,17,r|",Z3664805172,C=CC(=O)N1CCC(CC1)C(=O)N[C@H]2CCC[C@H]2CO,"C=CC(=O)N1CCC(CC1)C(=O)N[C@H]2CCC[C@H]2CO |&1:13,17,r|",sha256:106c9b90876557954de52115d707a48e9f61ff93803b9b29f4ce1fd34f64ba50,sha256:185531c86d22308a933af0a6435e7743c9e0c81d6438e0788b1a9c49b2ff645d,sha256:106c9b90876557954de52115d707a48e9f61ff93803b9b29f4ce1fd34f64ba50,sha256:185531c86d22308a933af0a6435e7743c9e0c81d6438e0788b1a9c49b2ff645d,C=CC(=O)N1CCC(C(=O)N[C@H]2CCC[C@H]2CO)CC1,C=CC(=O)N1CCC(C(=O)N[C@H]2CCC[C@H]2CO)CC1,PASS,PASS,,,False,False,True,True
1539,"C=CC(=O)NCC(=O)N1C[C@H]2C[C@]2(C1)C=3C=CC(C)=CC3 |&1:10,12,r|	Z3707864131	284.354	284.354	1.303	-3.663	1	2	49.41	6","|&1:10,12,r|",Z3707864131,C=CC(=O)NCC(=O)N1C[C@H]2C[C@]2(C1)C=3C=CC(C)=CC3,"C=CC(=O)NCC(=O)N1C[C@H]2C[C@]2(C1)C=3C=CC(C)=CC3 |&1:10,12,r|",sha256:b8f627844d40dd0207fb1091ed1f8163d1478b2e33311123578fef0b5d644046,sha256:45f177721080620e0a5912401723f45a40bdf05e66cfb8861fdb701c328fea32,sha256:b8f627844d40dd0207fb1091ed1f8163d1478b2e33311123578fef0b5d644046,sha256:45f177721080620e0a5912401723f45a40bdf05e66cfb8861fdb701c328fea32,C=CC(=O)NCC(=O)N1C[C@H]2C[C@@]2(c2ccc(C)cc2)C1,C=CC(=O)NCC(=O)N1C[C@H]2C[C@@]2(c2ccc(C)cc2)C1,PASS,PASS,,,False,False,True,True
1549,"C=CC(=O)NC[C@H]1CCC2(CCOCC2)[C@H]1O |&1:6,15,r|	Z3773879239	239.311	239.311	-0.207	-1.266	2	3	58.56	3","|&1:6,15,r|",Z3773879239,C=CC(=O)NC[C@H]1CCC2(CCOCC2)[C@H]1O,"C=CC(=O)NC[C@H]1CCC2(CCOCC2)[C@H]1O |&1:6,15,r|",sha256:cb880b3bb6fa47b4c1db94d65cc2e2a17bd636ba544bd008d9069f3e2975c1b8,sha256:7df053b362ab4c2e7531e432a9cd217724433ac4fc1035b409e5805522767e21,sha256:cb880b3bb6fa47b4c1db94d65cc2e2a17bd636ba544bd008d9069f3e2975c1b8,sha256:7df053b362ab4c2e7531e432a9cd217724433ac4fc1035b409e5805522767e21,C=CC(=O)NC[C@H]1CCC2(CCOCC2)[C@H]1O,C=CC(=O)NC[C@H]1CCC2(CCOCC2)[C@H]1O,PASS,PASS,,,False,False,True,True
1564,"C=CC(=O)N(CC=1C=C(Br)C=CC1C)[C@@H]2COC[C@H]2O |&1:14,18,r|	Z4874583816	340.212	340.212	2.559	-4.376	1	3	49.77	5","|&1:14,18,r|",Z4874583816,C=CC(=O)N(CC=1C=C(Br)C=CC1C)[C@@H]2COC[C@H]2O,"C=CC(=O)N(CC=1C=C(Br)C=CC1C)[C@@H]2COC[C@H]2O |&1:14,18,r|",sha256:ff42742f375dc780c39622f4cb7a6332b531db4d092583567c85d766c7188790,sha256:bf23b886a1894ff55c8bfd0a00c140e6aa7066b1cf16d8d6f082388f9b07989b,sha256:ff42742f375dc780c39622f4cb7a6332b531db4d092583567c85d766c7188790,sha256:bf23b886a1894ff55c8bfd0a00c140e6aa7066b1cf16d8d6f082388f9b07989b,C=CC(=O)N(Cc1cc(Br)ccc1C)[C@@H]1COC[C@H]1O,C=CC(=O)N(Cc1cc(Br)ccc1C)[C@@H]1COC[C@H]1O,FAIL,FAIL,FAIL_ANCHORING_DISTANCE,FAIL_ANCHORING_DISTANCE,False,False,True,True
1567,"C=CC(=O)N1CC[C@@H](O)[C@H]1C=2C=CC(Cl)=CC2 |&1:7,9,r|	Z3766091885	251.709	251.709	1.395	-3.561	1	2	40.54	3","|&1:7,9,r|",Z3766091885,C=CC(=O)N1CC[C@@H](O)[C@H]1C=2C=CC(Cl)=CC2,"C=CC(=O)N1CC[C@@H](O)[C@H]1C=2C=CC(Cl)=CC2 |&1:7,9,r|",sha256:a3e6c6d9befdb90c05f173765b4f168a5d2ed9483b8d8fdf33c18bf0e1195b78,sha256:edb6f85893c3c8f60a273eb810096674c686d2e0efdb8f39cd6580d017a0c314,sha256:a3e6c6d9befdb90c05f173765b4f168a5d2ed9483b8d8fdf33c18bf0e1195b78,sha256:edb6f85893c3c8f60a273eb810096674c686d2e0efdb8f39cd6580d017a0c314,C=CC(=O)N1CC[C@@H](O)[C@H]1c1ccc(Cl)cc1,C=CC(=O)N1CC[C@@H](O)[C@H]1c1ccc(Cl)cc1,PASS,PASS,,,False,False,True,True
1767,"C=CC(=O)N1CCC(CC1)C(=O)N2CC(C)(C)[C@H]3CCC[C@H]32 |&1:17,21,r|	Z2966542835	304.428	304.428	1.036	-3.1	0	2	40.62	4","|&1:17,21,r|",Z2966542835,C=CC(=O)N1CCC(CC1)C(=O)N2CC(C)(C)[C@H]3CCC[C@H]32,"C=CC(=O)N1CCC(CC1)C(=O)N2CC(C)(C)[C@H]3CCC[C@H]32 |&1:17,21,r|",sha256:62f12819bba127b33bf57da26234351284714f954ef30e25982fbf297fb8a48a,sha256:90754cb3cdce85e4cc3013682f4d5b1ff775c31c6e5940eb87596a8082c93406,sha256:62f12819bba127b33bf57da26234351284714f954ef30e25982fbf297fb8a48a,sha256:90754cb3cdce85e4cc3013682f4d5b1ff775c31c6e5940eb87596a8082c93406,C=CC(=O)N1CCC(C(=O)N2CC(C)(C)[C@H]3CCC[C@H]32)CC1,C=CC(=O)N1CCC(C(=O)N2CC(C)(C)[C@H]3CCC[C@H]32)CC1,PASS,PASS,,,False,False,True,True
1784,"C=CC(=O)N[C@H]1C[C@H]1C(F)F |&1:5,7,r|	Z3327053996	161.15	161.15	-0.334	-1.762	1	1	29.1	4","|&1:5,7,r|",Z3327053996,C=CC(=O)N[C@H]1C[C@H]1C(F)F,"C=CC(=O)N[C@H]1C[C@H]1C(F)F |&1:5,7,r|",sha256:3c4b38123c44f6576dbe800ab0ddb79f4520443d664d62093671123b37b4965b,sha256:30cc9a4852bb719ccfa77d3d50018981fb599a98101c2401c5adb3b4bf152d49,sha256:3c4b38123c44f6576dbe800ab0ddb79f4520443d664d62093671123b37b4965b,sha256:30cc9a4852bb719ccfa77d3d50018981fb599a98101c2401c5adb3b4bf152d49,C=CC(=O)N[C@H]1C[C@H]1C(F)F,C=CC(=O)N[C@H]1C[C@H]1C(F)F,PASS,PASS,,,False,False,True,True
1792,"C=CC(=O)N[C@@H]1CC=CC[C@H]1C(F)(F)F |&1:5,10,r|	Z3024766974	219.204	219.204	1.107	-2.696	1	1	29.1	4","|&1:5,10,r|",Z3024766974,C=CC(=O)N[C@@H]1CC=CC[C@H]1C(F)(F)F,"C=CC(=O)N[C@@H]1CC=CC[C@H]1C(F)(F)F |&1:5,10,r|",sha256:a632fff577cc151fe6fc715079166cdebd5ec10f655c536c7fba23a2e83eb4a3,sha256:41b91e416a2c88d98b444f45857e2b26e98e27b0df29686f9754f6ec26edc6bd,sha256:a632fff577cc151fe6fc715079166cdebd5ec10f655c536c7fba23a2e83eb4a3,sha256:41b91e416a2c88d98b444f45857e2b26e98e27b0df29686f9754f6ec26edc6bd,C=CC(=O)N[C@@H]1CC=CC[C@H]1C(F)(F)F,C=CC(=O)N[C@@H]1CC=CC[C@H]1C(F)(F)F,PASS,PASS,,,False,False,True,True
1800,"C=CC(=O)NC[C@]12C[C@H]1COC32CCC3 |&1:6,8,r|	Z3024767904	207.269	207.269	0.338	-1.984	1	2	38.33	4","|&1:6,8,r|",Z3024767904,C=CC(=O)NC[C@]12C[C@H]1COC32CCC3,"C=CC(=O)NC[C@]12C[C@H]1COC32CCC3 |&1:6,8,r|",sha256:ef2ea6df83f988b84ac81cb46ce0a4f74d3947ead552ba33403dbb08ec597619,sha256:fc95ee69ec315344268b3d35c276154772b6d2e2bb5c5361fc802760877a70ba,sha256:ef2ea6df83f988b84ac81cb46ce0a4f74d3947ead552ba33403dbb08ec597619,sha256:fc95ee69ec315344268b3d35c276154772b6d2e2bb5c5361fc802760877a70ba,C=CC(=O)NC[C@]12C[C@H]1COC21CCC1,C=CC(=O)NC[C@]12C[C@H]1COC21CCC1,PASS,PASS,,,False,False,True,True
1819,"C=CC(=O)NC=1C=CC(=CC1)C(=O)N2C[C@H]3CC[C@@H](O)[C@H]3C2 |&1:15,18,20,r|	Z3365751758	300.353	300.353	0.439	-3.828	2	3	69.64	5","|&1:15,18,20,r|",Z3365751758,C=CC(=O)NC=1C=CC(=CC1)C(=O)N2C[C@H]3CC[C@@H](O)[C@H]3C2,"C=CC(=O)NC=1C=CC(=CC1)C(=O)N2C[C@H]3CC[C@@H](O)[C@H]3C2 |&1:15,18,20,r|",sha256:37d712bad917f7ed3ad01f4a8ad4fbf808867335de0213592c7e84ea3e336c36,sha256:d02ad36c9d6ded4c49621096247487073cb72e8171b565a13f4938a323fbf72f,sha256:37d712bad917f7ed3ad01f4a8ad4fbf808867335de0213592c7e84ea3e336c36,sha256:d02ad36c9d6ded4c49621096247487073cb72e8171b565a13f4938a323fbf72f,C=CC(=O)Nc1ccc(C(=O)N2C[C@H]3CC[C@@H](O)[C@H]3C2)cc1,C=CC(=O)Nc1ccc(C(=O)N2C[C@H]3CC[C@@H](O)[C@H]3C2)cc1,PASS,PASS,,,False,False,True,True
1847,"C=CC(=O)N1C[C@@H](CO)[C@H](CC(C)(C)C)C1 |&1:6,9,r|	Z3490366477	225.328	225.328	2.01	-2.993	1	2	40.54	5","|&1:6,9,r|",Z3490366477,C=CC(=O)N1C[C@@H](CO)[C@H](CC(C)(C)C)C1,"C=CC(=O)N1C[C@@H](CO)[C@H](CC(C)(C)C)C1 |&1:6,9,r|",sha256:59f9ae1098cc4ca51c0c94d6e253e243b271c49322d709608024e9bdddee3f3c,sha256:47851a9ca4f8241fd74a1940fdccd4c076fc39507bf28aa225ddc2296e47a6cb,sha256:59f9ae1098cc4ca51c0c94d6e253e243b271c49322d709608024e9bdddee3f3c,sha256:47851a9ca4f8241fd74a1940fdccd4c076fc39507bf28aa225ddc2296e47a6cb,C=CC(=O)N1C[C@@H](CO)[C@H](CC(C)(C)C)C1,C=CC(=O)N1C[C@@H](CO)[C@H](CC(C)(C)C)C1,PASS,PASS,,,False,False,True,True
1851,"C=CC(=O)N1CCC(CC1)C(=O)N[C@@H]2CC[C@H](CC#N)C2 |&1:13,16,r|	Z3593486871	289.373	289.373	-1.001	-2.446	1	3	73.2	6","|&1:13,16,r|",Z3593486871,C=CC(=O)N1CCC(CC1)C(=O)N[C@@H]2CC[C@H](CC#N)C2,"C=CC(=O)N1CCC(CC1)C(=O)N[C@@H]2CC[C@H](CC#N)C2 |&1:13,16,r|",sha256:d010d7ffc415a11bdd27a826f1802c6eaab2e8b741d0a7c1e7793cbdec41216e,sha256:4f089a8d6ad83849ded4757218d95da539f351233524f59b1429e6aaba6a746a,sha256:d010d7ffc415a11bdd27a826f1802c6eaab2e8b741d0a7c1e7793cbdec41216e,sha256:4f089a8d6ad83849ded4757218d95da539f351233524f59b1429e6aaba6a746a,C=CC(=O)N1CCC(C(=O)N[C@@H]2CC[C@H](CC#N)C2)CC1,C=CC(=O)N1CCC(C(=O)N[C@@H]2CC[C@H](CC#N)C2)CC1,FAIL,FAIL,FAIL_ANCHORING_DISTANCE,FAIL_ANCHORING_DISTANCE,False,False,True,True
1856,"C=CC(=O)N1CCC(CC1)C(=O)N[C@@H]2CCO[C@H](C2)C3=CC=CC=N3 |&1:13,17,r|	Z3672119427	343.421	343.421	-1.682	-2.614	1	4	71.53	6","|&1:13,17,r|",Z3672119427,C=CC(=O)N1CCC(CC1)C(=O)N[C@@H]2CCO[C@H](C2)C3=CC=CC=N3,"C=CC(=O)N1CCC(CC1)C(=O)N[C@@H]2CCO[C@H](C2)C3=CC=CC=N3 |&1:13,17,r|",sha256:99c1b5e29a6a0cfa4975832559f2cfb5ae643531f5689e5ae837b85eb339ecf4,sha256:629276b25ccf7d3b2a29d6a48f822d2d837017d3f85fa4fc697ccd5239f5ad5c,sha256:99c1b5e29a6a0cfa4975832559f2cfb5ae643531f5689e5ae837b85eb339ecf4,sha256:629276b25ccf7d3b2a29d6a48f822d2d837017d3f85fa4fc697ccd5239f5ad5c,C=CC(=O)N1CCC(C(=O)N[C@@H]2CCO[C@@H](c3ccccn3)C2)CC1,C=CC(=O)N1CCC(C(=O)N[C@@H]2CCO[C@@H](c3ccccn3)C2)CC1,PASS,PASS,,,False,False,True,True
1860,"C=CC(=O)N1CCCC2=CC(=CC=C21)C(=O)N3C[C@H]4C[C@]4(C3)C(F)F |&1:18,20,r|	Z3756572564	346.372	346.372	1.455	-4.713	0	2	40.62	3","|&1:18,20,r|",Z3756572564,C=CC(=O)N1CCCC2=CC(=CC=C21)C(=O)N3C[C@H]4C[C@]4(C3)C(F)F,"C=CC(=O)N1CCCC2=CC(=CC=C21)C(=O)N3C[C@H]4C[C@]4(C3)C(F)F |&1:18,20,r|",sha256:bbccdc29bd4fabf82108d213be27f95b45a607be9710348b4e6e30e287599ecc,sha256:ff6678110b80dcca3a09ab39fa46ad650bd6e530dab44a07dc113f8c3f507522,sha256:bbccdc29bd4fabf82108d213be27f95b45a607be9710348b4e6e30e287599ecc,sha256:ff6678110b80dcca3a09ab39fa46ad650bd6e530dab44a07dc113f8c3f507522,C=CC(=O)N1CCCc2cc(C(=O)N3C[C@H]4C[C@@]4(C(F)F)C3)ccc21,C=CC(=O)N1CCCc2cc(C(=O)N3C[C@H]4C[C@@]4(C(F)F)C3)ccc21,FAIL,FAIL,FAIL_ANCHORING_DISTANCE,FAIL_ANCHORING_DISTANCE,False,False,True,True
1871,"C=CC(=O)N(CC=1C(F)=CC=CC1Cl)[C@@H]2COC[C@H]2O |&1:14,18,r|	Z4323493721	299.725	299.725	2.103	-3.842	1	3	49.77	5","|&1:14,18,r|",Z4323493721,C=CC(=O)N(CC=1C(F)=CC=CC1Cl)[C@@H]2COC[C@H]2O,"C=CC(=O)N(CC=1C(F)=CC=CC1Cl)[C@@H]2COC[C@H]2O |&1:14,18,r|",sha256:5e8c0d1514bb5ddf12ef984ec4e5927f630b3cc8bc53ca55b1a599f78f9c0d76,sha256:fdda583094add60950c0bf086d2f8bebc863e3e77d5700a16fb3d57fd5376010,sha256:5e8c0d1514bb5ddf12ef984ec4e5927f630b3cc8bc53ca55b1a599f78f9c0d76,sha256:fdda583094add60950c0bf086d2f8bebc863e3e77d5700a16fb3d57fd5376010,C=CC(=O)N(Cc1c(F)cccc1Cl)[C@@H]1COC[C@H]1O,C=CC(=O)N(Cc1c(F)cccc1Cl)[C@@H]1COC[C@H]1O,PASS,PASS,,,False,False,True,True
1975,"C=CC(=O)N(C)C[C@@H]1OCCN(C)[C@H]1C=2C=NN(C)C2 |&1:7,13,r|	Z2732399388	278.351	278.351	-0.03	-0.266	0	4	50.6	5","|&1:7,13,r|",Z2732399388,C=CC(=O)N(C)C[C@@H]1OCCN(C)[C@H]1C=2C=NN(C)C2,"C=CC(=O)N(C)C[C@@H]1OCCN(C)[C@H]1C=2C=NN(C)C2 |&1:7,13,r|",sha256:68b8c5a287b047334dfdb2ea53133dcd6ccc169e53d04a73910e5acc477d04e4,sha256:a669b7b79912ef6ba9142af875d545ec98a3dd5d3b84c14bde4dd0025e1c8666,sha256:68b8c5a287b047334dfdb2ea53133dcd6ccc169e53d04a73910e5acc477d04e4,sha256:a669b7b79912ef6ba9142af875d545ec98a3dd5d3b84c14bde4dd0025e1c8666,C=CC(=O)N(C)C[C@@H]1OCCN(C)[C@H]1c1cnn(C)c1,C=CC(=O)N(C)C[C@@H]1OCCN(C)[C@H]1c1cnn(C)c1,PASS,PASS,,,False,False,True,True
2099,"C=CC(=O)N[C@@H]1C[C@H]1C2CCOCC2 |&1:5,7,r|	Z3024767006	195.259	195.259	0.152	-1.537	1	2	38.33	4","|&1:5,7,r|",Z3024767006,C=CC(=O)N[C@@H]1C[C@H]1C2CCOCC2,"C=CC(=O)N[C@@H]1C[C@H]1C2CCOCC2 |&1:5,7,r|",sha256:b4fd398edf2f492a9465fb3fbf620fc99a1cba9acbb45f9a9615c1c0cfb3ec4d,sha256:8ae25d088641aef80cf94e21e84244348f2bce32a357f578d7da33f1b1aa3666,sha256:b4fd398edf2f492a9465fb3fbf620fc99a1cba9acbb45f9a9615c1c0cfb3ec4d,sha256:8ae25d088641aef80cf94e21e84244348f2bce32a357f578d7da33f1b1aa3666,C=CC(=O)N[C@@H]1C[C@H]1C1CCOCC1,C=CC(=O)N[C@@H]1C[C@H]1C1CCOCC1,PASS,PASS,,,False,False,True,True
2118,"C=CC(=O)N(C)CC(=O)N1CC2(CCC2)[C@H]3COC[C@H]31 |&1:15,19,r|	Z3060600973	278.347	278.347	0.83	-2.56	0	3	49.85	5","|&1:15,19,r|",Z3060600973,C=CC(=O)N(C)CC(=O)N1CC2(CCC2)[C@H]3COC[C@H]31,"C=CC(=O)N(C)CC(=O)N1CC2(CCC2)[C@H]3COC[C@H]31 |&1:15,19,r|",sha256:f2ff8f6cf26c77d095bd65eb831417f1f5ee9b8ff6293ecd77dcc08b1216295d,sha256:6cdbc1caadb731a93f12ea180a32f9660b4ea46f867d69b71bd20277d8bb7675,sha256:f2ff8f6cf26c77d095bd65eb831417f1f5ee9b8ff6293ecd77dcc08b1216295d,sha256:6cdbc1caadb731a93f12ea180a32f9660b4ea46f867d69b71bd20277d8bb7675,C=CC(=O)N(C)CC(=O)N1CC2(CCC2)[C@H]2COC[C@H]21,C=CC(=O)N(C)CC(=O)N1CC2(CCC2)[C@H]2COC[C@H]21,PASS,PASS,,,False,False,True,True
2120,"C=CC(=O)N[C@@H]1CC(=O)N(C2CC2)[C@H]1C3=CC=NN3C |&1:5,13,r|	Z3178971007	274.319	274.319	0.219	-2.03	1	3	67.23	5","|&1:5,13,r|",Z3178971007,C=CC(=O)N[C@@H]1CC(=O)N(C2CC2)[C@H]1C3=CC=NN3C,"C=CC(=O)N[C@@H]1CC(=O)N(C2CC2)[C@H]1C3=CC=NN3C |&1:5,13,r|",sha256:d7426dbc42a0dd54943acb378f96b72028c092c9af403a0dc153a0e73aec70e0,sha256:ebe26f6a09c859d9b6a525a3286e637c2518cb9776ab7694b33917189718a634,sha256:d7426dbc42a0dd54943acb378f96b72028c092c9af403a0dc153a0e73aec70e0,sha256:ebe26f6a09c859d9b6a525a3286e637c2518cb9776ab7694b33917189718a634,C=CC(=O)N[C@@H]1CC(=O)N(C2CC2)[C@H]1c1ccnn1C,C=CC(=O)N[C@@H]1CC(=O)N(C2CC2)[C@H]1c1ccnn1C,PASS,PASS,,,False,False,True,True
2156,"C=CC(=O)N1C[C@@H](F)[C@H](CO)C1 |&1:6,8,r|	Z3490366466	173.185	173.185	-0.858	-1.244	1	2	40.54	3","|&1:6,8,r|",Z3490366466,C=CC(=O)N1C[C@@H](F)[C@H](CO)C1,"C=CC(=O)N1C[C@@H](F)[C@H](CO)C1 |&1:6,8,r|",sha256:7b831f4c11429e206eb559c17554b7289231d1df77cf8ff351099f5b452dffda,sha256:31a5ac87fc417cc41b6601fe839ca30329ede639f05a5c0e87bb018407471e05,sha256:7b831f4c11429e206eb559c17554b7289231d1df77cf8ff351099f5b452dffda,sha256:31a5ac87fc417cc41b6601fe839ca30329ede639f05a5c0e87bb018407471e05,C=CC(=O)N1C[C@@H](CO)[C@H](F)C1,C=CC(=O)N1C[C@@H](CO)[C@H](F)C1,PASS,PASS,,,False,False,True,True
2158,"C=CC(=O)N1C[C@H](NC(C)=O)[C@H](C1)C2=CC=NN2C |&1:6,11,r|	Z3490366512	262.308	262.308	-1.27	-1.416	1	3	67.23	5","|&1:6,11,r|",Z3490366512,C=CC(=O)N1C[C@H](NC(C)=O)[C@H](C1)C2=CC=NN2C,"C=CC(=O)N1C[C@H](NC(C)=O)[C@H](C1)C2=CC=NN2C |&1:6,11,r|",sha256:ca3c8ccd5f5d5908debe5e4fde715729f42f2c8e5cfd98bfcf6fcf5cdd1c565e,sha256:f79cbfbbd9c50ed93171202205d720a42625a1ecf666d5be2d50c58f2d6b11b0,sha256:ca3c8ccd5f5d5908debe5e4fde715729f42f2c8e5cfd98bfcf6fcf5cdd1c565e,sha256:f79cbfbbd9c50ed93171202205d720a42625a1ecf666d5be2d50c58f2d6b11b0,C=CC(=O)N1C[C@H](NC(C)=O)[C@@H](c2ccnn2C)C1,C=CC(=O)N1C[C@H](NC(C)=O)[C@@H](c2ccnn2C)C1,PASS,PASS,,,False,False,True,True
2203,"C=CC(=O)N(CC1=CC=CC2=CC=CN=C12)[C@@H]3CCCC[C@H]3O |&1:16,21,r|	Z4323489579	310.391	310.391	2.112	-3.992	1	3	53.43	5","|&1:16,21,r|",Z4323489579,C=CC(=O)N(CC1=CC=CC2=CC=CN=C12)[C@@H]3CCCC[C@H]3O,"C=CC(=O)N(CC1=CC=CC2=CC=CN=C12)[C@@H]3CCCC[C@H]3O |&1:16,21,r|",sha256:3ca3f2c3c98ae7b809ed7a50834d1089dca1dfcaae0c96e4b0d682c6abb0999d,sha256:d86eeeda6e7606d446808d6695ffe9a7c5a57fc034b8097f6b61b16840ae8e78,sha256:3ca3f2c3c98ae7b809ed7a50834d1089dca1dfcaae0c96e4b0d682c6abb0999d,sha256:d86eeeda6e7606d446808d6695ffe9a7c5a57fc034b8097f6b61b16840ae8e78,C=CC(=O)N(Cc1cccc2cccnc12)[C@@H]1CCCC[C@H]1O,C=CC(=O)N(Cc1cccc2cccnc12)[C@@H]1CCCC[C@H]1O,PASS,PASS,,,False,False,True,True
